Student_ID,parental_level_of_education,lunch_plan,test_preparation_course
43E1519F2042,Some High School,Standard,None
AD59DD156E95,Some High School,Standard,None
4802DCF935A0,Some High School,Standard,None
2FF132E08CA3,Some High School,Standard,None
AE6DD4190E1A,Some High School,Standard,None
35458460B846,Some High School,Standard,None
8B1B5F3FDEB2,Some High School,Free,None
60258D646DDB,Some High School,Standard,None
2428CA231380,Some High School,Standard,None
77CBC1086423,Some High School,Standard,None
0AACB8FF24B4,Some High School,Standard,None
4CA8AC460BAD,Some High School,Free,None
EFC8DCB1139C,Some High School,Standard,None
8CC9C9B495DD,Some High School,Standard,None
38CD7CA404EF,Some High School,Free,None
93D484D71799,Some High School,Standard,None
CF51A52CD06A,Some High School,Free,None
E4D35FFFEE48,Some High School,Standard,None
F27D5FAAB689,Some High School,Standard,None
3276FF5247AB,Some High School,Standard,None
4A333A23C5D0,Some High School,Standard,None
48BDB417D917,Some High School,Free,None
CBFFD6EA6552,Some High School,Standard,None
7854354FFC63,Some High School,Standard,None
7CDCD2A3CC30,Some High School,Standard,None
402093B50F07,Some High School,Free,None
D11B4FDCE6FC,Some High School,Free,None
395FE2E19FE6,Some High School,Standard,None
446C38A82833,Some High School,Standard,None
153D811E08FB,Some High School,Free,None
0D61BA602316,Some High School,Standard,None
E5C92545045F,Some High School,Standard,None
CC2F443C5C99,Some High School,Free,None
3DAA4AA75CB6,Some High School,Standard,None
0C108BF0169F,Some High School,Standard,None
BD5932B3BD71,Some High School,Standard,None
8BF820548DED,Some High School,Standard,None
198BC28F4C79,Some High School,Standard,None
AA4108492775,Some High School,Standard,None
B814C88DED05,Some High School,Free,None
F1D0A5877494,Some High School,Free,None
5ADF231C953C,Some High School,Standard,None
7EDBB8F1D71C,Some High School,Standard,None
9478F8191330,Some High School,Standard,None
18CBFA9D3A9F,Some High School,Standard,None
4E013FE63B70,Some High School,Standard,None
6E574745ADFD,Some High School,Standard,None
4EFBB6761292,Some High School,Standard,None
FDA4D0DDDE7F,Some High School,Standard,None
0849A9259271,Some High School,Free,None
F3A66D61CE56,Some High School,Free,None
AA7288A8359C,Some High School,Standard,None
F61EF2F86206,Some High School,Standard,None
78DE1881B331,Some High School,Standard,None
9B5005FD8A1B,Some High School,Free,None
C782923511BF,Some High School,Standard,None
56A440B24863,Some High School,Standard,None
226840CABC14,Some High School,Standard,None
CB23C2947084,Some High School,Standard,None
A4FD384F7256,Some High School,Free,None
49B485B1DFF6,Some High School,Standard,None
1F5C0DB56347,Some High School,Standard,None
493EFBA51280,Some High School,Free,None
168F35937296,Some High School,Free,None
E7436BC28858,Some High School,Free,None
F43FDFEB98FA,Some High School,Standard,None
6CD0DF673D58,Some High School,Standard,None
592288068D0E,Some High School,Standard,None
3D8DC159614F,Some High School,Standard,None
C3061BF79477,Some High School,Standard,None
C99E2A998253,Some High School,Standard,None
19722F5952DD,Some High School,Standard,None
A3CCABFB4B5C,Some High School,Standard,None
2B3E643FA766,Some High School,Standard,None
DC16EE01489C,Some High School,Free,None
FC51978DBF62,Some High School,Standard,None
7E12EF45845C,Some High School,Standard,None
E31B8A46282D,Some High School,Standard,None
BDB1E4A411D2,Some High School,Free,None
CC1C1725F728,Some High School,Standard,None
7CC1CEAE852E,Some High School,Standard,None
9E1BAE3EFE7D,Some High School,Free,None
21D71B2E128A,Some High School,Standard,None
377BA9A6E418,Some High School,Free,None
9AB24E51F16A,Some High School,Standard,None
9CE51413C045,Some High School,Free,None
52CD9A8E44CB,Some High School,Standard,None
1C1ADA4E9E7F,Some High School,Standard,None
99610D179BB1,Some High School,Standard,None
738618B83B57,Some High School,Standard,None
1EFC92B0F8CA,Some High School,Standard,None
FEE71DB64712,Some High School,Standard,None
6578EB41D207,Some High School,Free,None
9.59495E+11,Some High School,Free,None
D2CD4A9C4E2C,Some High School,Free,None
771D0BC4FB5E,Some High School,Standard,None
87CA803A0EA2,Some High School,Free,None
605AC17D0204,Some High School,Standard,None
A1099A67BA1C,Some High School,Standard,None
D132A9371F5A,Some High School,Free,None
950C36E7E880,Some High School,Standard,None
00E7C83E7D03,Some High School,Standard,None
DF7E31538559,Some High School,Standard,None
4322895D34FF,Some High School,Standard,None
E955849C4B86,Some High School,Standard,None
240766E80C3D,Some High School,Standard,None
62475ADCE79B,Some High School,Free,None
FACB636DFE8B,Some High School,Standard,None
48547B1FCFE0,Some High School,Standard,None
2F413E4EE22D,Some High School,Standard,None
7871AA9DD084,Some High School,Standard,None
72E5D0E6DA12,Some High School,Standard,None
F8E503B20A19,Some High School,Standard,None
E99ED75412EA,Some High School,Free,None
4403A800FA0C,Some High School,Standard,None
EA35CA02E260,Some High School,Standard,None
86E3CAC49AB9,Some High School,Standard,None
74FBBB154C39,Some High School,Standard,None
8CC38609E32B,High School,Standard,None
7D39374EC805,High School,Free,None
4C25D2D418EC,High School,Standard,None
22AF361EB8BC,High School,Standard,None
E2258E4F09CA,High School,Standard,None
E64E600928E1,High School,Standard,None
98C57B1D2E5C,High School,Standard,None
3005C243B257,High School,Standard,None
B944854DBA45,High School,Standard,None
6A89E12B5DEC,High School,Standard,None
12B92F8CBA64,High School,Standard,None
7676195ABF74,High School,Standard,None
CD1065DD9120,High School,Standard,None
7D90E0B4EBDF,High School,Free,None
434FE647F2B5,High School,Standard,None
D6B2B541E861,High School,Standard,None
CE48DF40E321,High School,Free,None
E6B17B9C62AB,High School,Standard,None
D128D6CBA66A,High School,Standard,None
45D15C5E203A,High School,Free,None
C01EAFEA58A1,High School,Standard,None
680CF5F7AEEF,High School,Standard,None
90F347125D27,High School,Free,None
28C179918559,High School,Free,None
03C440C5199C,High School,Free,None
BF0DAF397AD5,High School,Free,None
B03A186B6F6A,High School,Free,None
E7AFE8B0FC13,High School,Free,None
7BB547276B1E,High School,Free,None
8D33C0362397,High School,Free,None
00A29B9734B4,High School,Standard,None
B6216E2EADCE,High School,Free,None
315438036B3A,High School,Free,None
F54D045537F4,High School,Standard,None
1329C72D8787,High School,Free,None
0409A342D107,High School,Free,None
1AF90CE789E2,High School,Standard,None
F3003375BB3D,High School,Standard,None
BACB506B8512,High School,Free,None
DEFE4FA15059,High School,Free,None
9EE483033922,High School,Standard,None
75FFFC0FB397,High School,Standard,None
CED46B7954A8,High School,Standard,None
42EAD879A019,High School,Standard,None
11773EC36EC1,High School,Standard,None
514359F1B74D,High School,Free,None
ECC06C13AD29,High School,Free,None
B0EEAAF4FAEF,High School,Standard,None
9DD832A8F1AA,High School,Standard,None
C0E6B3F5D132,High School,Free,None
7A26BADAAED8,High School,Standard,None
A04586F90A7E,High School,Standard,None
EE9D165109EA,High School,Free,None
DA30D2997CD0,High School,Standard,None
C3A1689DC962,High School,Standard,None
5F73E8A5C12D,High School,Free,None
28017C810D08,High School,Free,None
DAF574DC1DCC,High School,Free,None
15C2005F8BE6,High School,Free,None
1C0C676F6404,High School,Free,None
81EA5AACAE62,High School,Standard,None
0161F5927B78,High School,Standard,None
0C2C7A7D9F06,High School,Standard,None
1065E531486A,High School,Standard,None
5EC54A3634C4,High School,Free,None
5C6E4E772A46,High School,Free,None
B0F3DAF53680,High School,Free,None
D63633E80D95,High School,Standard,None
51A8CC09F9FF,High School,Standard,None
7AC55AD8DB89,High School,Standard,None
B3FC85821768,High School,Free,None
1761EAEB10A9,High School,Standard,None
5696B5A4EE70,High School,Standard,None
C47F958ADF64,High School,Free,None
B3852DFAC7E0,High School,Standard,None
67408F770515,High School,Standard,None
EAD8E09DFA79,High School,Free,None
D2FBBE842488,High School,Free,None
2DA879154519,High School,Standard,None
451048AA3C25,High School,Free,None
C44DAB2103DD,High School,Standard,None
D3FB1811A60B,High School,Free,None
ECFFA2F3516B,High School,Standard,None
550757E1C0B3,High School,Standard,None
FE6802584ED3,High School,Standard,None
BF55A2C58A1B,High School,Standard,None
76FF6E4F240C,High School,Standard,None
FDDB4FCD74E7,High School,Standard,None
BB3CCFB22F7B,High School,Free,None
94234B8A48F4,High School,Standard,None
20D059A58CAA,High School,Free,None
13BE594AEFDB,High School,Standard,None
F09D1FCF3966,High School,Free,None
C8F0B3D5312C,High School,Free,None
7286040E7974,High School,Standard,None
FB92FD5CDD33,High School,Standard,None
D834CCCC7EAE,High School,Free,None
EBFF21605CC6,High School,Standard,None
9ABD506FE024,High School,Standard,None
82B43EA3DA70,High School,Standard,None
6B156B454D40,High School,Standard,None
C1F066AD475D,High School,Standard,None
157D23B47BBF,High School,Standard,None
078C9D6C7846,High School,Standard,None
45C2B209B3B3,High School,Standard,None
36FEF26338A0,High School,Free,None
15BAA7386610,High School,Free,None
3BDD8AD15E95,High School,Free,None
F0714931CC06,High School,Standard,None
2397396066FF,High School,Standard,None
6E62EDEEC905,High School,Standard,None
6B188C86D3BB,High School,Standard,None
9508878DBECD,High School,Standard,None
26663929B9D5,High School,Free,None
5C998F62377E,High School,Free,None
2DF8539DE639,High School,Free,None
723E537F641E,High School,Free,None
760EE84C6AA7,High School,Standard,None
36D5545BFA4D,Some College,Free,None
FDF6FE283A49,Some College,Standard,None
419BAB44F9B4,Some College,Standard,None
5A45CFCB4819,Some College,Free,None
F50EFA167C35,Some College,Standard,None
6FD841149FEC,Some College,Free,None
21D6F8F21AA2,Some College,Free,None
338D452B1F05,Some College,Standard,None
22DD464BA2AB,Some College,Free,None
8F0644B7C78E,Some College,Standard,None
EDE430AD39D6,Some College,Free,None
9825D0BC400A,Some College,Free,None
61A8766708E7,Some College,Standard,None
29D5420C7B8E,Some College,Standard,None
22568EDE52C4,Some College,Free,None
C742FB8EA4AB,Some College,Free,None
15105D5AE66F,Some College,Free,None
FDFB401FB111,Some College,Standard,None
77AF04C9984F,Some College,Standard,None
A49C2A63E851,Some College,Standard,None
FAB8D651298F,Some College,Free,None
E38759EE6B1A,Some College,Free,None
F83EBC9F4C13,Some College,Free,None
95FE8B6700A3,Some College,Free,None
A7522D288698,Some College,Free,None
B11DB932EAF4,Some College,Standard,None
EF10567A6D03,Some College,Free,None
5735592E2F04,Some College,Standard,None
00286B0CC7E8,Some College,Standard,None
B5A0C46A7724,Some College,Free,None
9E9A6347A464,Some College,Standard,None
6F91658B6649,Some College,Standard,None
9C50571B35D7,Some College,Free,None
7949C5218FD5,Some College,Standard,None
E0B7E82AB286,Some College,Standard,None
A5A44CFE114D,Some College,Standard,None
76BB9D890DD5,Some College,Standard,None
F407302B4506,Some College,Standard,None
C8744326ED44,Some College,Standard,None
8436CBC3C15C,Some College,Standard,None
66F1CCAB0182,Some College,Standard,None
9E51BE31D56D,Some College,Free,None
2A238AE66A67,Some College,Standard,None
BA41D2DBD884,Some College,Standard,None
1AB55D32677B,Some College,Standard,None
DAADC4661AC4,Some College,Standard,None
4A660B4E1D12,Some College,Standard,None
DE272CCB97E4,Some College,Free,None
CA030BFFD583,Some College,Standard,None
F9B0DC5C7DF1,Some College,Standard,None
5C4D3C4A8FAF,Some College,Standard,None
CC3F9DA412EB,Some College,Standard,None
FCF3BECE85DB,Some College,Standard,None
73DB180358CD,Some College,Standard,None
FB2C3926D4EF,Some College,Standard,None
4F1D3DD077AD,Some College,Standard,None
C91925B8883D,Some College,Free,None
C8D9B82062BF,Some College,Free,None
22E7A1158638,Some College,Standard,None
6E39B11464EC,Some College,Standard,None
71056FB2AD17,Some College,Standard,None
1272940F8AEF,Some College,Standard,None
5DF8FAAFB299,Some College,Standard,None
EA1892100CDF,Some College,Standard,None
EF35905E7B1F,Some College,Standard,None
79C116F98641,Some College,Standard,None
922109685F29,Some College,Free,None
05A1EBB67463,Some College,Free,None
6FFE4CE605E7,Some College,Standard,None
619F8FAA4668,Some College,Standard,None
4A92F11EF803,Some College,Free,None
9F4D737752D8,Some College,Free,None
6FC0071A7924,Some College,Free,None
CFA5E0229773,Some College,Standard,None
BC3151E8C08B,Some College,Standard,None
0122E35F1919,Some College,Standard,None
FCD19E14F00F,Some College,Free,None
2E3EA6868028,Some College,Standard,None
411FA5DF14A0,Some College,Free,None
1B88E8DF360F,Some College,Free,None
1E4760172997,Some College,Free,None
8F98FAED8372,Some College,Standard,None
ACCB4E96A23C,Some College,Standard,None
4739DDD476DC,Some College,Standard,None
5D962802996C,Some College,Free,None
5E330507B99D,Some College,Free,None
394A549666A0,Some College,Standard,None
7F5A13CFBDA0,Some College,Free,None
F995C3B84455,Some College,Standard,None
589C6B138C1A,Some College,Standard,None
32B495DE2EE2,Some College,Free,None
9B1A3F4C18BD,Some College,Standard,None
75098DACE4FD,Some College,Free,None
515A86600BEB,Some College,Standard,None
694905FF027C,Some College,Standard,None
7835B3AF6B18,Some College,Free,None
0E5CF28C44E4,Some College,Standard,None
67986BFFBF51,Some College,Standard,None
0EF3C5297A89,Some College,Standard,None
CCFC6B4B6798,Some College,Free,None
165285871EF4,Some College,Standard,None
A9CCF5316DB5,Some College,Free,None
F5BF6241319E,Some College,Free,None
AB0D7FB833BB,Some College,Free,None
145B74D5CDD6,Some College,Standard,None
8A8F66A1F44A,Some College,Standard,None
CB25069087C9,Some College,Standard,None
BD27CE6F9E0E,Some College,Standard,None
C81E93B1C0AC,Some College,Standard,None
48308204DEAB,Some College,Standard,None
8D0AD0B0F306,Some College,Standard,None
E93F19AAA1E1,Some College,Standard,None
39719261D1BF,Some College,Standard,None
20C92DB730F1,Some College,Free,None
459116B06019,Some College,Standard,None
7811A6F2B2B7,Some College,Standard,None
E73A11C8FA77,Some College,Free,None
CB6391C19F30,Some College,Free,None
D40F05782253,Some College,Standard,None
AA8CD3D4EF3A,Some College,Standard,None
D38F05E656BA,Some College,Standard,None
9555F6ACDE13,Some College,Standard,None
5E8E25E0E08D,Some College,Standard,None
0D2E9EB0A950,Some College,Free,None
0A4DFCB22E3E,Some College,Standard,None
06F57C0CE294,Some College,Standard,None
2.67965E+11,Some College,Free,None
C4EE54CE9551,Some College,Standard,None
B40031E14282,Some College,Free,None
972D3C8707CB,Some College,Free,None
F62CEF9005D6,Some College,Free,None
9DDCF587CCEB,Some College,Free,None
27F80CDA66D5,Some College,Standard,None
A2C38CA3E744,Some College,Standard,None
81767BB9205A,Some College,Free,None
D80CEC6DAF4C,Some College,Standard,None
94975EB1D5FF,Some College,Free,None
FD9405EDC3A4,Some College,Standard,None
2F36BFFD67B4,Some College,Free,None
40AC24919374,Some College,Standard,None
43E44C1EBD17,Some College,Free,None
2628B6C73823,Some College,Free,None
211BCA3E5FEE,Some College,Standard,None
9DBF6C7E95C5,Some College,Standard,None
736B4EA905FB,Some College,Standard,None
A68B565F7563,Some College,Standard,None
4AE08C879D70,Some College,Standard,None
C0FFC751B751,Some College,Free,None
C9D5EA88E5F8,Some College,Standard,None
DB0C9DBC1132,Associate’s Degree,Standard,None
E4D12A1EC897,Associate’s Degree,Standard,None
141E27304EDF,Associate’s Degree,Standard,None
920E90292BFF,Associate’s Degree,Free,None
DCBC3F1A9843,Associate’s Degree,Standard,None
AC24B8F7F056,Associate’s Degree,Standard,None
8618601C8824,Associate’s Degree,Free,None
3369487B6030,Associate’s Degree,Free,None
D3A656E62F7B,Associate’s Degree,Free,None
6D3F608FE710,Associate’s Degree,Free,None
63188317312F,Associate’s Degree,Free,None
7497EC3330F0,Associate’s Degree,Free,None
3.95856E+11,Associate’s Degree,Free,None
885AFA4179F4,Associate’s Degree,Standard,None
E18AB12AB162,Associate’s Degree,Standard,None
3B399EA04CF2,Associate’s Degree,Free,None
2387ECDB2D21,Associate’s Degree,Standard,None
8790EA6B8CDE,Associate’s Degree,Standard,None
172F932A5471,Associate’s Degree,Standard,None
9495216FD8AA,Associate’s Degree,Free,None
308CB08FF368,Associate’s Degree,Free,None
A2FFFCBD3D99,Associate’s Degree,Standard,None
C109B259FCA1,Associate’s Degree,Standard,None
92CF2A874655,Associate’s Degree,Standard,None
D3B75D5A27F7,Associate’s Degree,Standard,None
FF22577E45D8,Associate’s Degree,Standard,None
975C897407C7,Associate’s Degree,Free,None
6EE914FC1236,Associate’s Degree,Standard,None
70318659DA49,Associate’s Degree,Standard,None
A72A4B827F1F,Associate’s Degree,Standard,None
951579EA153B,Associate’s Degree,Standard,None
5E84F1380970,Associate’s Degree,Standard,None
B10E0949211E,Associate’s Degree,Free,None
47391A9A8ACD,Associate’s Degree,Standard,None
23498828DBAD,Associate’s Degree,Free,None
AE79A2647B1A,Associate’s Degree,Standard,None
5BFE009AF2B7,Associate’s Degree,Free,None
1419793DEED9,Associate’s Degree,Standard,None
61C8C5733BB5,Associate’s Degree,Free,None
845B9B607D99,Associate’s Degree,Standard,None
57C7975F7905,Associate’s Degree,Standard,None
B8E247196BF6,Associate’s Degree,Free,None
58F192B5E015,Associate’s Degree,Free,None
7AA894032868,Associate’s Degree,Free,None
6C4962F3F175,Associate’s Degree,Free,None
DAFE21A78436,Associate’s Degree,Standard,None
89F1B077BA34,Associate’s Degree,Standard,None
8C95992C1D85,Associate’s Degree,Standard,None
B4252DADA10F,Associate’s Degree,Standard,None
85D341012F75,Associate’s Degree,Standard,None
35587BE80172,Associate’s Degree,Standard,None
685E2F3C546D,Associate’s Degree,Free,None
FBAC0A9BF036,Associate’s Degree,Standard,None
27C73E600CC0,Associate’s Degree,Free,None
E513901FA3C6,Associate’s Degree,Free,None
17106B3281C1,Associate’s Degree,Free,None
975B6F95D4AE,Associate’s Degree,Standard,None
4058B111F4FF,Associate’s Degree,Standard,None
8E407B81CF7E,Associate’s Degree,Standard,None
8B0D05E5DFAB,Associate’s Degree,Free,None
39FA45B7DC20,Associate’s Degree,Standard,None
1130955A6644,Associate’s Degree,Free,None
AA7E547E96F1,Associate’s Degree,Standard,None
C1FE5D19F013,Associate’s Degree,Standard,None
3D4C08D7EE27,Associate’s Degree,Standard,None
14767BD4E13A,Associate’s Degree,Standard,None
56814287F614,Associate’s Degree,Standard,None
1AD236703C0A,Associate’s Degree,Free,None
9DF2F5473FA8,Associate’s Degree,Free,None
E9442F4653E3,Associate’s Degree,Standard,None
1526707671A1,Associate’s Degree,Standard,None
D04CD3B2E453,Associate’s Degree,Free,None
91B34C69D0A6,Associate’s Degree,Standard,None
87F1C2D9475D,Associate’s Degree,Standard,None
6C0FC39AFD0F,Associate’s Degree,Standard,None
B0F071BE0C1D,Associate’s Degree,Standard,None
2C2CADABA5B9,Associate’s Degree,Standard,None
F9BB6DFB6871,Associate’s Degree,Free,None
45FE852B31C8,Associate’s Degree,Free,None
5DA75D60A08F,Associate’s Degree,Standard,None
746053366BAE,Associate’s Degree,Free,None
F2A04EFE2C04,Associate’s Degree,Standard,None
3806A01744EC,Associate’s Degree,Standard,None
B9BA665B319A,Associate’s Degree,Standard,None
9A1460731552,Associate’s Degree,Standard,None
7B093209362E,Associate’s Degree,Standard,None
5189D8C1F336,Associate’s Degree,Standard,None
677C00429B6D,Associate’s Degree,Standard,None
D4FFA9CDD071,Associate’s Degree,Standard,None
CD06AE4F3639,Associate’s Degree,Standard,None
2096CE6C860C,Associate’s Degree,Free,None
5E9849FC981D,Associate’s Degree,Free,None
398EDC8D7360,Associate’s Degree,Free,None
62AC5143150B,Associate’s Degree,Standard,None
6CE52C7A48DE,Associate’s Degree,Standard,None
E336763331F2,Associate’s Degree,Standard,None
7D40083BCBC1,Associate’s Degree,Free,None
42F0AA2F9D91,Associate’s Degree,Standard,None
45066AC412F5,Associate’s Degree,Standard,None
621B0AA39775,Associate’s Degree,Free,None
E0C4F7D14B55,Associate’s Degree,Standard,None
BFAC1D129ED3,Associate’s Degree,Standard,None
BA9D19F0E1C1,Associate’s Degree,Standard,None
75B650A5FA2E,Associate’s Degree,Standard,None
35F14201AF59,Associate’s Degree,Standard,None
278DEF78BEC1,Associate’s Degree,Free,None
0DED9F9A8E71,Associate’s Degree,Standard,None
C3D918FD62E0,Associate’s Degree,Free,None
4CC92A9ECFD3,Associate’s Degree,Free,None
C29BC720D6C6,Associate’s Degree,Standard,None
6470DBE6EB35,Associate’s Degree,Free,None
305E9F1AA67D,Associate’s Degree,Free,None
934D314D8F45,Associate’s Degree,Standard,None
DB9A0DC0BED4,Associate’s Degree,Standard,None
B8C8AA0F6A72,Associate’s Degree,Standard,None
2F0C6D6AA452,Associate’s Degree,Free,None
6481B5D6B762,Associate’s Degree,Standard,None
B22935154156,Associate’s Degree,Free,None
1AA86235A6D3,Associate’s Degree,Standard,None
8539A389EC5D,Associate’s Degree,Standard,None
F9E063FA0533,Associate’s Degree,Standard,None
C13AC580A790,Associate’s Degree,Standard,None
42FB56EC8C78,Associate’s Degree,Standard,None
224EB4ACD536,Associate’s Degree,Standard,None
888DAF19A48E,Associate’s Degree,Standard,None
2FDB4F923A22,Associate’s Degree,Free,None
D297CAC662B1,Associate’s Degree,Standard,None
90110B2C38E6,Associate’s Degree,Free,None
7F0F1226035E,Associate’s Degree,Standard,None
8A952A2D7D1A,Associate’s Degree,Standard,None
7843A89BA2D0,Associate’s Degree,Free,None
7547755F36C2,Bachelor’s Degree,Standard,None
B77EDAA37689,Bachelor’s Degree,Standard,None
7C711505EC7E,Bachelor’s Degree,Free,None
270901840C45,Bachelor’s Degree,Standard,None
ED0E37CE9935,Bachelor’s Degree,Standard,None
FC37FD84A71D,Bachelor’s Degree,Free,None
358CEF526D9E,Bachelor’s Degree,Free,None
788605FA78E3,Bachelor’s Degree,Standard,None
18E9521269A3,Bachelor’s Degree,Free,None
6442CBCC4037,Bachelor’s Degree,Standard,None
4A5D8A4FD2B4,Bachelor’s Degree,Standard,None
5189121EA9A3,Bachelor’s Degree,Free,None
033D1D1734FE,Bachelor’s Degree,Free,None
5E2828C74273,Bachelor’s Degree,Standard,None
E9A4A3D1A455,Bachelor’s Degree,Free,None
D271E08199D1,Bachelor’s Degree,Free,None
0ED9E08A488F,Bachelor’s Degree,Standard,None
F817F2CC6CD9,Bachelor’s Degree,Standard,None
2A3EFCBB1621,Bachelor’s Degree,Standard,None
5336CCAB317E,Bachelor’s Degree,Standard,None
4A1ABE7D39C9,Bachelor’s Degree,Standard,None
C956E9858E3E,Bachelor’s Degree,Standard,None
64A37879240B,Bachelor’s Degree,Standard,None
CC2F6B0D91F4,Bachelor’s Degree,Standard,None
F9994998CC67,Bachelor’s Degree,Standard,None
A94491B61F15,Bachelor’s Degree,Standard,None
86E579B6A0FB,Bachelor’s Degree,Free,None
1A9B276FB346,Bachelor’s Degree,Standard,None
4FE1456322D6,Bachelor’s Degree,Standard,None
2E7E5693DF2B,Bachelor’s Degree,Standard,None
16B945B4F6A3,Bachelor’s Degree,Standard,None
14B7CC4AEB5B,Bachelor’s Degree,Standard,None
C27A73C1E958,Bachelor’s Degree,Free,None
40556FA30792,Bachelor’s Degree,Standard,None
FEF58C35727E,Bachelor’s Degree,Free,None
A599129D0F26,Bachelor’s Degree,Free,None
56747CA55ADC,Bachelor’s Degree,Standard,None
1032999DACF8,Bachelor’s Degree,Standard,None
3720461F4483,Bachelor’s Degree,Free,None
A37DB832B74A,Bachelor’s Degree,Standard,None
51D6F3E69095,Bachelor’s Degree,Standard,None
619D49540715,Bachelor’s Degree,Free,None
4221B685538D,Bachelor’s Degree,Free,None
707E7440EA76,Bachelor’s Degree,Free,None
C995E6225DB5,Bachelor’s Degree,Free,None
320181ACE77A,Bachelor’s Degree,Standard,None
60D2154DAB86,Bachelor’s Degree,Standard,None
2885445CF71F,Bachelor’s Degree,Standard,None
932F0D2360F8,Bachelor’s Degree,Standard,None
5C43B9A2C33B,Bachelor’s Degree,Standard,None
2CA5D66C2B57,Bachelor’s Degree,Standard,None
D5340932D27E,Bachelor’s Degree,Standard,None
54750234029D,Bachelor’s Degree,Standard,None
92CFA0704F8C,Bachelor’s Degree,Standard,None
94D4574C3B0D,Bachelor’s Degree,Standard,None
FCF0690076CC,Bachelor’s Degree,Standard,None
80EB2329985A,Bachelor’s Degree,Standard,None
A9A1C46CCD43,Bachelor’s Degree,Standard,None
E0648B7ECCC1,Bachelor’s Degree,Standard,None
18F422B236A7,Bachelor’s Degree,Free,None
A5FB48C78B4B,Bachelor’s Degree,Standard,None
F368AD373F48,Bachelor’s Degree,Free,None
ADEA1A9BDA25,Bachelor’s Degree,Standard,None
A10DAD7189E6,Bachelor’s Degree,Standard,None
B86511A16115,Bachelor’s Degree,Free,None
C5B96B45072B,Bachelor’s Degree,Free,None
97DA59B1F1C8,Bachelor’s Degree,Standard,None
B7B4ACCB8AFF,Bachelor’s Degree,Standard,None
37519D30A333,Bachelor’s Degree,Standard,None
FABB79BBEF58,Bachelor’s Degree,Free,None
DD07CD125535,Bachelor’s Degree,Standard,None
321E963F5D2A,Bachelor’s Degree,Standard,None
50FF5F86E68D,Bachelor’s Degree,Free,None
C89576B45391,Bachelor’s Degree,Free,None
6D564E40A439,Bachelor’s Degree,Standard,None
A02902536932,Bachelor’s Degree,Free,None
5DFC51D3BB3C,Bachelor’s Degree,Standard,None
1036AB4B89A5,Bachelor’s Degree,Standard,None
F21905D7B85A,Bachelor’s Degree,Standard,None
6129D3AA7E7F,Bachelor’s Degree,Standard,None
BAC092D4164D,Bachelor’s Degree,Standard,None
19D32C291DDF,Bachelor’s Degree,Free,None
B79537E22F9F,Bachelor’s Degree,Free,None
511F8AF7443A,Master’s Degree,Standard,None
CDD5C84A6CFC,Master’s Degree,Standard,None
A0E856172798,Master’s Degree,Standard,None
C2719A2BC6E0,Master’s Degree,Free,None
921550861CAA,Master’s Degree,Free,None
6806D8C56948,Master’s Degree,Standard,None
C184023552D8,Master’s Degree,Free,None
24CF63F300D2,Master’s Degree,Free,None
9E11F1395DE2,Master’s Degree,Free,None
B55DE8FD219E,Master’s Degree,Standard,None
850118A768B7,Master’s Degree,Standard,None
00A86A3C467B,Master’s Degree,Free,None
8BC7D3CA2209,Master’s Degree,Free,None
0A715CA3393F,Master’s Degree,Free,None
83D31445FEF4,Master’s Degree,Free,None
89F994C48FD1,Master’s Degree,Standard,None
BEEF12C482D0,Master’s Degree,Standard,None
2A8732C4F5C2,Master’s Degree,Free,None
1FE8E2345AEC,Master’s Degree,Free,None
F4835D2A718B,Master’s Degree,Standard,None
74512218FBE9,Master’s Degree,Standard,None
CB0BA8AFDD70,Master’s Degree,Free,None
D34FAAA5668C,Master’s Degree,Standard,None
382B60906C52,Master’s Degree,Standard,None
E1E4E56C0276,Master’s Degree,Free,None
C23B5A073A81,Master’s Degree,Free,None
6D90AC5C0251,Master’s Degree,Standard,None
035827F94A61,Master’s Degree,Free,None
F73D7D73A788,Master’s Degree,Standard,None
535324A831C9,Master’s Degree,Standard,None
E977EE1D149C,Master’s Degree,Standard,None
77E4A818DBC7,Master’s Degree,Free,None
6078960BD537,Master’s Degree,Free,None
743680BE1054,Master’s Degree,Standard,None
CD8FB8898D24,Master’s Degree,Standard,None
772F18D7EF4A,Master’s Degree,Standard,None
E6685CBEABBA,Master’s Degree,Standard,None
3DDC3A3C0417,Master’s Degree,Free,None
A21613612F0D,Master’s Degree,Standard,None
70FF58B9C7DD,Master’s Degree,Standard,None
CE3C4FE15187,Master’s Degree,Standard,None
79409BE1102D,Master’s Degree,Free,None
99658306486E,Master’s Degree,Free,None
4473581D28E3,Master’s Degree,Standard,None
3.52996E+11,Master’s Degree,Free,None
157A83960377,Master’s Degree,Standard,None
832D9942C6B8,Master’s Degree,Free,None
F0E46D5B7AF1,Some High School,Standard,1
DA5D0EE8390E,Some High School,Standard,1
7586562AAF7E,Some High School,Standard,1
03E9B1593CBA,Some High School,Standard,1
B92F5B2EFB11,Some High School,Standard,1
344AA8D3FA25,Some High School,Standard,1
993F208CAFA0,Some High School,Standard,1
0445FC9B4632,Some High School,Free,1
6AB2F507F1B1,Some High School,Standard,1
56B21BB78916,Some High School,Standard,1
E9C5A0CE239F,Some High School,Standard,1
48DAABACAE14,Some High School,Standard,1
8238B886DBAC,Some High School,Free,1
4268FC1BBF04,Some High School,Free,1
F0D469E44A0F,Some High School,Standard,1
81F77091A590,Some High School,Standard,1
0A2F3D1EAC79,Some High School,Standard,1
8438496CD8B9,Some High School,Free,1
64EDA4262789,Some High School,Standard,1
9C6A00155CAC,Some High School,Standard,1
2E217CBBFD14,Some High School,Standard,1
84AD2EBE3EB3,Some High School,Standard,1
37808CD38737,Some High School,Standard,1
F7CFBA05F4A7,Some High School,Free,1
4B059F14F68D,Some High School,Free,1
784EF86B34E7,Some High School,Standard,1
5AF08359EDB6,Some High School,Standard,1
A5BFA723B10C,Some High School,Free,1
D856824B08C5,Some High School,Standard,1
933F864098BB,Some High School,Standard,1
6670670DE4A0,Some High School,Free,1
274622CB9E2B,Some High School,Standard,1
BFF287E77E33,Some High School,Free,1
24B89DBFFA60,Some High School,Standard,1
CBDFAF9B7616,Some High School,Standard,1
CBF82FFD35DE,Some High School,Free,1
87F427094745,Some High School,Free,1
432269DF3FF6,Some High School,Standard,1
334CD50F9DEB,Some High School,Free,1
71C6C7E89DB8,Some High School,Standard,1
F707B7C6FBC0,Some High School,Standard,1
029F2F46E208,Some High School,Standard,1
60B7C15BF23C,Some High School,Standard,1
E26EB2269D25,Some High School,Free,1
82940E318886,Some High School,Standard,1
0E13F6C2C762,Some High School,Free,1
E982335D6BCA,Some High School,Free,1
B56E329AAA43,Some High School,Free,1
8F6780D2A492,Some High School,Free,1
2D41B37D0255,Some High School,Standard,1
4FEF1470383C,Some High School,Standard,1
E5A602A9BE24,Some High School,Standard,1
D9FCACCA0258,Some High School,Standard,1
35A31E2FB72F,Some High School,Standard,1
BA0433D8A643,Some High School,Standard,1
F5221FAF3D22,Some High School,Free,1
35AF11AEA790,Some High School,Standard,1
930AAA9B8074,Some High School,Standard,1
C3CD4332FA2E,Some High School,Standard,1
54200F61AF70,Some High School,Free,1
E235C07F2441,Some High School,Free,1
F2D1D7DBD65F,Some High School,Standard,1
A94B66617C21,Some High School,Standard,1
EA94E2C3709E,High School,Standard,1
2071184615A3,High School,Free,1
0304022FC741,High School,Standard,1
B374656E7427,High School,Standard,1
544662C2A4EE,High School,Free,1
8AEB22EA9D82,High School,Standard,1
36F499DE4744,High School,Free,1
07A1A2FDE3EC,High School,Standard,1
CD62C0037B30,High School,Free,1
1BD6E6A550A1,High School,Free,1
B340B10A3EA0,High School,Free,1
ACE9A55708FE,High School,Standard,1
332285B6EBDC,High School,Standard,1
E8450AABFAE0,High School,Free,1
1C6E72EE226E,High School,Standard,1
E243123D40A3,High School,Standard,1
A6F110D43D3E,High School,Standard,1
0B184DE679DF,High School,Standard,1
B68618EBE61A,High School,Standard,1
EA4D0B05736A,High School,Free,1
DA4A1D845E53,High School,Standard,1
84A35900FBAB,High School,Free,1
4F8E13C5777B,High School,Standard,1
91171C440411,High School,Free,1
9C340292AC83,High School,Standard,1
EA97055B693D,High School,Free,1
164394D24A13,High School,Free,1
6165661F1FD3,High School,Standard,1
869A0ACEB1DE,High School,Standard,1
41D102A9B781,High School,Free,1
49BA5F7B8BCA,High School,Free,1
3C533912A0FA,High School,Standard,1
B9D6C7F5FF5A,High School,Standard,1
BDE86DC495C6,High School,Free,1
C19CF10E0311,High School,Free,1
BBA2B77408F2,High School,Free,1
3DBCE4CA0A9C,High School,Standard,1
28AC86821ED4,High School,Standard,1
D0ADAEEBDA9F,High School,Standard,1
03CCCA86CF64,High School,Standard,1
8A4C29C07972,High School,Standard,1
44D1D8189B94,High School,Standard,1
09583E86500A,High School,Standard,1
47FBC06F7B7E,High School,Standard,1
1A41D5CC16B9,High School,Free,1
501A0C75823D,High School,Standard,1
D489D7FD445B,High School,Standard,1
484AE33D75C2,High School,Standard,1
762DE13EC60E,High School,Standard,1
ABD6FC557089,High School,Standard,1
B085E265E830,High School,Standard,1
1F51FFB81525,High School,Free,1
0627DDC78F2B,High School,Standard,1
EB60210EBD43,High School,Standard,1
226866F9C863,High School,Standard,1
325C2D277D3F,High School,Free,1
B42989CE5DB9,High School,Standard,1
BCAD2AF6F5E7,High School,Free,1
FDC96A87583F,High School,Free,1
0E53E811B61E,High School,Free,1
0059A6F2ADF5,High School,Standard,1
3CC1A93E1853,High School,Standard,1
339F9AA99514,High School,Standard,1
563ADEA2D777,High School,Standard,1
5E739E6D8A2E,High School,Standard,1
E898000312DC,High School,Standard,1
BE87DF6C173F,High School,Free,1
0CAC5F6B3996,High School,Standard,1
FF22679D9BC8,Some College,Standard,1
9EF30BB08016,Some College,Free,1
62CB56474A7A,Some College,Free,1
75B5503ACB0F,Some College,Free,1
D2FFDDE96F7B,Some College,Free,1
4D766AFEF073,Some College,Free,1
0B34820D8833,Some College,Standard,1
F4B18EB4652C,Some College,Standard,1
3BFA1D44412E,Some College,Free,1
1F1950AD9E3C,Some College,Standard,1
4A4F86CD223A,Some College,Standard,1
A09DB2B3F507,Some College,Standard,1
E958CBC5FFF7,Some College,Free,1
EDC3ED6DC9A6,Some College,Standard,1
C46132201669,Some College,Free,1
C123348C8D52,Some College,Standard,1
D370FD74A8D1,Some College,Standard,1
964AAAB6B273,Some College,Standard,1
7AF8D2A3201F,Some College,Standard,1
51EE8B706538,Some College,Standard,1
8A94506388C0,Some College,Free,1
B3FC3CAE4EA9,Some College,Standard,1
DBF6650049AE,Some College,Free,1
16649925C023,Some College,Standard,1
F14C07566C13,Some College,Standard,1
7A89D7197A23,Some College,Standard,1
1243543B5EFD,Some College,Standard,1
A62CF1A934EB,Some College,Free,1
96330EDCA9EC,Some College,Standard,1
ABAD74B3A465,Some College,Standard,1
8EEC776A43D9,Some College,Free,1
3FDAB6F305D8,Some College,Free,1
23EC1BD20ABE,Some College,Standard,1
41A28855086B,Some College,Standard,1
5A61416FBF21,Some College,Standard,1
3049A95E9F66,Some College,Standard,1
30B694BB28A7,Some College,Standard,1
AABDA9BE3390,Some College,Standard,1
FD0C41A0A1D0,Some College,Standard,1
2EACDC900E12,Some College,Standard,1
254077DBC4D5,Some College,Free,1
CF98716BC4C6,Some College,Standard,1
25EDF5FE7661,Some College,Free,1
C138FF071BC1,Some College,Standard,1
52C681C4BB58,Some College,Standard,1
DE33DEC4FDCD,Some College,Standard,1
E7A6F35016F2,Some College,Standard,1
8DD3D758A61A,Some College,Free,1
3EEA16DB60B1,Some College,Free,1
61713BB4AFCE,Some College,Standard,1
A93879718E9D,Some College,Standard,1
DCF9EF4295F6,Some College,Standard,1
F584055FF5BB,Some College,Free,1
850F8A790B75,Some College,Standard,1
CD9944E34A1B,Some College,Standard,1
1A0A099A44C9,Some College,Standard,1
782682A38E93,Some College,Standard,1
6ABE33B6BD9E,Some College,Free,1
9AC3A9DEE300,Some College,Standard,1
2BB66599B20D,Some College,Standard,1
74B8C805F3D9,Some College,Standard,1
94C322D12EAA,Some College,Standard,1
D0B0F313C535,Some College,Standard,1
3767E44F3D48,Some College,Standard,1
BB7035BF4ADA,Some College,Standard,1
33172297292,Some College,Standard,1
1A13D6CCAE8E,Some College,Free,1
5450C151A48E,Some College,Standard,1
FE3AA8261DD9,Some College,Standard,1
3C28706699FF,Some College,Standard,1
17DEC51E5DFC,Some College,Standard,1
A3CDEB58BAA6,Some College,Standard,1
8FA43DD771B2,Some College,Standard,1
AB4746B271B3,Some College,Free,1
EF5CF3F7F42E,Some College,Standard,1
6609C7960EAA,Some College,Free,1
5E47FD12696B,Some College,Standard,1
3D9017734B99,Some College,Standard,1
4948C2745C80,Some College,Standard,1
A3A5558121AA,Some College,Standard,1
B9908308D2A4,Some College,Free,1
B875D6F4F4B3,Some College,Standard,1
52A74FEAFA2B,Some College,Standard,1
1898EAD6447B,Some College,Standard,1
6794DCBE9181,Some College,Standard,1
F70C456BED4E,Some College,Standard,1
92F0728236CC,Some College,Standard,1
5F8BCBBE8780,Associate’s Degree,Standard,1
5588DD6C0456,Associate’s Degree,Standard,1
2ED3BCFBF98E,Associate’s Degree,Standard,1
001F77FB52EB,Associate’s Degree,Free,1
0B93C820D727,Associate’s Degree,Standard,1
31590F7B7763,Associate’s Degree,Free,1
B15BD476EEBC,Associate’s Degree,Free,1
5A1249CDF04E,Associate’s Degree,Standard,1
0B7376C9C407,Associate’s Degree,Free,1
57789A1110EB,Associate’s Degree,Standard,1
F62BA0EBE1F4,Associate’s Degree,Standard,1
1AAE34AE28EB,Associate’s Degree,Standard,1
38C241BD0FED,Associate’s Degree,Free,1
2125640ECC02,Associate’s Degree,Standard,1
33E7E16B6081,Associate’s Degree,Standard,1
AF844C87F237,Associate’s Degree,Standard,1
00924D20099D,Associate’s Degree,Standard,1
2A5EA8897879,Associate’s Degree,Standard,1
38A756689D01,Associate’s Degree,Free,1
9DA62A96796F,Associate’s Degree,Free,1
ABD89FE93EC2,Associate’s Degree,Standard,1
16DC7150CCD8,Associate’s Degree,Free,1
585A3A9258FD,Associate’s Degree,Standard,1
C9254BEBC1E0,Associate’s Degree,Free,1
A49A7C8E020F,Associate’s Degree,Free,1
62E4CAED39FD,Associate’s Degree,Standard,1
F373F78C6D5F,Associate’s Degree,Standard,1
59981EEA96CE,Associate’s Degree,Free,1
D9CC11ECB4CD,Associate’s Degree,Standard,1
10A59A9DEFE2,Associate’s Degree,Standard,1
5A8AE4B9B146,Associate’s Degree,Standard,1
84B769FB0573,Associate’s Degree,Standard,1
B3B622408D13,Associate’s Degree,Standard,1
9051B7C03F73,Associate’s Degree,Free,1
DBAAC7297A6A,Associate’s Degree,Free,1
714CD6449C5A,Associate’s Degree,Standard,1
A4DDF2611E1B,Associate’s Degree,Standard,1
3E802BC8F946,Associate’s Degree,Standard,1
D39427F2F8C2,Associate’s Degree,Free,1
37A85E7A9749,Associate’s Degree,Standard,1
94BE06351E17,Associate’s Degree,Standard,1
D8041D85C9AC,Associate’s Degree,Standard,1
F5298C3969C6,Associate’s Degree,Standard,1
C9211E914C49,Associate’s Degree,Standard,1
9F97989FCF38,Associate’s Degree,Standard,1
9D0F9CA02EE7,Associate’s Degree,Standard,1
7286421C667B,Associate’s Degree,Standard,1
CCFB414E82E8,Associate’s Degree,Standard,1
06434770BAC4,Associate’s Degree,Free,1
A2D8C0C04E1E,Associate’s Degree,Standard,1
65849BDF3E9C,Associate’s Degree,Free,1
7B3C7D120C7A,Associate’s Degree,Standard,1
2A28170EA799,Associate’s Degree,Standard,1
F00D3F11BCFE,Associate’s Degree,Standard,1
44A085BE590E,Associate’s Degree,Standard,1
098D3CC1683B,Associate’s Degree,Free,1
78B70E4F2601,Associate’s Degree,Free,1
A804470B0878,Associate’s Degree,Standard,1
755F04082BAB,Associate’s Degree,Free,1
EBA8709921FF,Associate’s Degree,Free,1
A7C2EE515FB8,Associate’s Degree,Free,1
CD18750B1755,Associate’s Degree,Free,1
1C9DDA9C4CBB,Associate’s Degree,Standard,1
74D18C5B476A,Associate’s Degree,Free,1
B0F469323C07,Associate’s Degree,Standard,1
1D6A51BCD702,Associate’s Degree,Standard,1
BB0F6ABDD3BF,Bachelor’s Degree,Standard,1
67E87F36DDEC,Bachelor’s Degree,Standard,1
8B3A9E1DC751,Bachelor’s Degree,Standard,1
6C6C51C7790D,Bachelor’s Degree,Standard,1
BD9E59C0DC39,Bachelor’s Degree,Standard,1
D345B1BE6187,Bachelor’s Degree,Standard,1
77F5F1800B95,Bachelor’s Degree,Standard,1
347250BD864D,Bachelor’s Degree,Standard,1
ED1F7DB9F62E,Bachelor’s Degree,Standard,1
796D385FDBF8,Bachelor’s Degree,Standard,1
B530265E2540,Bachelor’s Degree,Free,1
C8574C60065B,Bachelor’s Degree,Standard,1
4C6303134A1E,Bachelor’s Degree,Free,1
0DB4F0C08BD8,Bachelor’s Degree,Standard,1
A2F665623C4F,Bachelor’s Degree,Standard,1
146C5610BBF5,Bachelor’s Degree,Free,1
6EE9A7526F8F,Bachelor’s Degree,Standard,1
32FA3310B17C,Bachelor’s Degree,Standard,1
494F29C45DCC,Bachelor’s Degree,Standard,1
C1951B0A66DE,Bachelor’s Degree,Standard,1
9010C0B8DDBD,Bachelor’s Degree,Standard,1
A722B4A41DA5,Bachelor’s Degree,Standard,1
08E6DDE2B401,Bachelor’s Degree,Free,1
5231F7FC4320,Bachelor’s Degree,Free,1
738FFAD6D082,Bachelor’s Degree,Standard,1
08295C79993F,Bachelor’s Degree,Free,1
F3114277CE37,Bachelor’s Degree,Standard,1
57F3F42BD944,Bachelor’s Degree,Standard,1
04C3C0632C23,Bachelor’s Degree,Standard,1
539B36A54321,Bachelor’s Degree,Standard,1
3F8284ED2793,Bachelor’s Degree,Free,1
4196D5803C25,Bachelor’s Degree,Standard,1
F69A0BA4F672,Bachelor’s Degree,Standard,1
8B22437CACFD,Bachelor’s Degree,Standard,1
B6EA96E03FF2,Bachelor’s Degree,Free,1
947C271E8FDC,Bachelor’s Degree,Standard,1
573BC4E4E417,Bachelor’s Degree,Free,1
B5762A3F177E,Bachelor’s Degree,Standard,1
F1421799A6B3,Bachelor’s Degree,Free,1
61FAA8D38819,Bachelor’s Degree,Standard,1
2F3AFBD37AF5,Bachelor’s Degree,Standard,1
6F065B77DFD5,Bachelor’s Degree,Free,1
0C88704B3A92,Bachelor’s Degree,Standard,1
AF3AD9493150,Bachelor’s Degree,Standard,1
7CF1A68E71B8,Bachelor’s Degree,Free,1
CDF2F698C392,Bachelor’s Degree,Standard,1
B303BB730654,Bachelor’s Degree,Free,1
7379CFC3AC91,Bachelor’s Degree,Free,1
A16B78F7FB62,Bachelor’s Degree,Standard,1
C0D9D57CDFB5,Bachelor’s Degree,Standard,1
1F1DB4F82983,Bachelor’s Degree,Standard,1
C616172759E8,Bachelor’s Degree,Standard,1
12F1FE1AF216,Master’s Degree,Free,1
CA5AEBCB2524,Master’s Degree,Free,1
81B7756E2D7C,Master’s Degree,Standard,1
1C12888E215A,Master’s Degree,Standard,1
C158F8DC25B8,Master’s Degree,Standard,1
C6CC75D21FD5,Master’s Degree,Standard,1
2E726A491B81,Master’s Degree,Standard,1
2307B5AF2A5A,Master’s Degree,Free,1
A547CBA4D950,Master’s Degree,Free,1
233208F4FE32,Master’s Degree,Standard,1
DB000515888C,Master’s Degree,Standard,1
A70181EB606E,Master’s Degree,Free,1
8E1E147D6666,Master’s Degree,Free,1
22A3124CE238,Master’s Degree,Standard,1
539454A178CB,Master’s Degree,Standard,1
2E57E622CA59,Master’s Degree,Standard,1
04495CEFE495,Master’s Degree,Standard,1
630BB8BB6794,Master’s Degree,Free,1
